Emotion,Time (seconds)
neutral,23.026505947113037
fear,2.0436043739318848
angry,2.7288286685943604
happy,5.943879842758179
sad,1.4130325317382812
surprise,0.1181187629699707

