Emotion,Time (seconds)
neutral,3.556213855743408
angry,0.3320128917694092
fear,1.0782654285430908
happy,7.933984994888306
sad,1.4302253723144531
surprise,0.055045366287231445

