People Count,Time (seconds)
1,6.11771035194397
2,9.129603862762451
0,0.2892746925354004
3,1.7227883338928223
