People Count,Time (seconds)
0,1.2795319557189941
1,33.468401193618774
2,9.697466373443604
3,12.065799713134766
4,0.6527552604675293
